{
  "hybrid": {
    "avg_mrr": 0.16785714285714287,
    "avg_ndcg@5": 0.09946316237906443,
    "avg_ndcg@10": 0.20120668038314418,
    "avg_precision@5": 0.07500000000000001,
    "avg_precision@10": 0.08750000000000001,
    "avg_search_time_ms": 6146.145284175873,
    "num_queries": 8
  },
  "dense": {
    "avg_mrr": 0.16785714285714287,
    "avg_ndcg@5": 0.09946316237906443,
    "avg_ndcg@10": 0.20120668038314418,
    "avg_precision@5": 0.07500000000000001,
    "avg_precision@10": 0.08750000000000001,
    "avg_search_time_ms": 1221.6262519359589,
    "num_queries": 8
  },
  "sparse": {
    "avg_mrr": 0.0,
    "avg_ndcg@5": 0.0,
    "avg_ndcg@10": 0.0,
    "avg_precision@5": 0.0,
    "avg_precision@10": 0.0,
    "avg_search_time_ms": 2841.8013155460358,
    "num_queries": 8
  },
  "openai": {
    "avg_mrr": 0.21875,
    "avg_ndcg@5": 0.1389170562789839,
    "avg_ndcg@10": 0.2689408034586913,
    "avg_precision@5": 0.07500000000000001,
    "avg_precision@10": 0.1,
    "avg_search_time_ms": 362.61191964149475,
    "num_queries": 8
  }
}