{
  "openai": {
    "avg_mrr": 0.5450585317460317,
    "avg_ndcg@5": 0.5226821614721452,
    "avg_ndcg@10": 0.5440283924624092,
    "avg_precision@5": 0.3793,
    "avg_precision@10": 0.29619999999999996,
    "avg_search_time_ms": 209.27395009994507,
    "num_queries": 2000
  }
}