{
  "total": 18776,
  "embedded": 18772,
  "failed": 4,
  "cost_estimate": 0.18776000000000015,
  "elapsed_seconds": 1358.171834230423,
  "paper_count": 723
}