{
  "hybrid": {
    "avg_mrr": 0.20535714285714285,
    "avg_ndcg@5": 0.11659554371233712,
    "avg_ndcg@10": 0.22642921074832156,
    "avg_precision@5": 0.07500000000000001,
    "avg_precision@10": 0.1,
    "avg_search_time_ms": 3813.497453927994,
    "num_queries": 8
  },
  "dense": {
    "avg_mrr": 0.16785714285714287,
    "avg_ndcg@5": 0.09946316237906443,
    "avg_ndcg@10": 0.20120668038314418,
    "avg_precision@5": 0.07500000000000001,
    "avg_precision@10": 0.08750000000000001,
    "avg_search_time_ms": 674.8598217964172,
    "num_queries": 8
  },
  "sparse": {
    "avg_mrr": 0.1875,
    "avg_ndcg@5": 0.20636511622589157,
    "avg_ndcg@10": 0.20636511622589157,
    "avg_precision@5": 0.1,
    "avg_precision@10": 0.05,
    "avg_search_time_ms": 1842.3918783664703,
    "num_queries": 8
  }
}