{
  "total": 2752,
  "embedded": 2752,
  "failed": 0,
  "cost_estimate": 0.027520000000000017,
  "elapsed_seconds": 189.6851031780243,
  "paper_count": 100
}