{
  "hybrid": {
    "avg_mrr": 0.4518125,
    "avg_ndcg@5": 0.4046383983845861,
    "avg_ndcg@10": 0.5036499442420379,
    "avg_precision@5": 0.3104,
    "avg_precision@10": 0.27155,
    "avg_search_time_ms": 2271.154550075531,
    "num_queries": 2000
  },
  "dense": {
    "avg_mrr": 0.3085593253968254,
    "avg_ndcg@5": 0.2927265570469268,
    "avg_ndcg@10": 0.3090470769253696,
    "avg_precision@5": 0.15209999999999999,
    "avg_precision@10": 0.097,
    "avg_search_time_ms": 174.72477388381958,
    "num_queries": 2000
  },
  "sparse": {
    "avg_mrr": 0.6492823412698413,
    "avg_ndcg@5": 0.6088922065971173,
    "avg_ndcg@10": 0.6397006640272972,
    "avg_precision@5": 0.4474,
    "avg_precision@10": 0.3533,
    "avg_search_time_ms": 1751.4616396427155,
    "num_queries": 2000
  },
  "openai": {
    "avg_mrr": 0.0,
    "avg_ndcg@5": 0.0,
    "avg_ndcg@10": 0.0,
    "avg_precision@5": 0.0,
    "avg_precision@10": 0.0,
    "avg_search_time_ms": 3287.993624687195,
    "num_queries": 2000
  }
}