{
  "qdrant_dense": {
    "avg_mrr": 0.6211197261804973,
    "avg_ndcg@5": 0.5934046428503866,
    "avg_ndcg@10": 0.629985084864982,
    "avg_precision@5": 0.5548197820620285,
    "avg_precision@10": 0.527745180217938,
    "avg_search_time_ms": 24.865195642273065,
    "num_queries": 9544,
    "by_style": {
      "keyword": {
        "avg_mrr": 0.9032431245758991,
        "avg_ndcg@10": 0.9025763050096757,
        "hit_rate@10": 0.9249790444258172,
        "count": 2386
      },
      "natural_short": {
        "avg_mrr": 0.7986280751473543,
        "avg_ndcg@10": 0.804163828008311,
        "hit_rate@10": 0.856663872590109,
        "count": 2386
      },
      "natural_long": {
        "avg_mrr": 0.6255388576218417,
        "avg_ndcg@10": 0.6380040790086857,
        "hit_rate@10": 0.7238055322715843,
        "count": 2386
      },
      "conceptual": {
        "avg_mrr": 0.1570688473768943,
        "avg_ndcg@10": 0.17519612743325533,
        "hit_rate@10": 0.24937133277451803,
        "count": 2386
      }
    },
    "by_difficulty": {
      "easy": {
        "avg_mrr": 0.8520493197278911,
        "hit_rate@10": 0.891991341991342,
        "count": 4620
      },
      "medium": {
        "avg_mrr": 0.6457366624810843,
        "hit_rate@10": 0.7391480730223123,
        "count": 2465
      },
      "hard": {
        "avg_mrr": 0.16256931130863625,
        "hit_rate@10": 0.25620170801138675,
        "count": 2459
      }
    }
  },
  "qdrant_dense+rerank": {
    "avg_mrr": 0.6502060631461302,
    "avg_ndcg@5": 0.6551648611475063,
    "avg_ndcg@10": 0.6551648611475063,
    "avg_precision@5": 0.5839899413243923,
    "avg_precision@10": 0.5839899413243923,
    "avg_search_time_ms": 240.75746283946873,
    "num_queries": 9544,
    "by_style": {
      "keyword": {
        "avg_mrr": 0.9166596814752724,
        "avg_ndcg@10": 0.9173071682317816,
        "hit_rate@10": 0.922883487007544,
        "count": 2386
      },
      "natural_short": {
        "avg_mrr": 0.8317826208438112,
        "avg_ndcg@10": 0.8354363432263071,
        "hit_rate@10": 0.8507963118189439,
        "count": 2386
      },
      "natural_long": {
        "avg_mrr": 0.6851704386700196,
        "avg_ndcg@10": 0.6891877435552407,
        "hit_rate@10": 0.7099748533109808,
        "count": 2386
      },
      "conceptual": {
        "avg_mrr": 0.1672115115954177,
        "avg_ndcg@10": 0.17872818957669573,
        "hit_rate@10": 0.21584241408214586,
        "count": 2386
      }
    },
    "by_difficulty": {
      "easy": {
        "avg_mrr": 0.8788564213564214,
        "hit_rate@10": 0.8883116883116883,
        "count": 4620
      },
      "medium": {
        "avg_mrr": 0.6967072346179851,
        "hit_rate@10": 0.725760649087221,
        "count": 2465
      },
      "hard": {
        "avg_mrr": 0.17400027111291852,
        "hit_rate@10": 0.2228548190321269,
        "count": 2459
      }
    }
  },
  "qdrant_sparse": {
    "avg_mrr": 0.5815918170145957,
    "avg_ndcg@5": 0.5573431348153862,
    "avg_ndcg@10": 0.5866316461921142,
    "avg_precision@5": 0.5141659681475272,
    "avg_precision@10": 0.4817267393126572,
    "avg_search_time_ms": 23.971304384880675,
    "num_queries": 9544,
    "by_style": {
      "keyword": {
        "avg_mrr": 0.9159468593248978,
        "avg_ndcg@10": 0.9144660661485867,
        "hit_rate@10": 0.9341994970662196,
        "count": 2386
      },
      "natural_short": {
        "avg_mrr": 0.7492359531127343,
        "avg_ndcg@10": 0.7572894702927443,
        "hit_rate@10": 0.8281642917015927,
        "count": 2386
      },
      "natural_long": {
        "avg_mrr": 0.6352103540494152,
        "avg_ndcg@10": 0.6437982505473241,
        "hit_rate@10": 0.7309304274937133,
        "count": 2386
      },
      "conceptual": {
        "avg_mrr": 0.025974101571335437,
        "avg_ndcg@10": 0.030972797779801525,
        "hit_rate@10": 0.04819782062028499,
        "count": 2386
      }
    },
    "by_difficulty": {
      "easy": {
        "avg_mrr": 0.8549980244623102,
        "hit_rate@10": 0.8987012987012987,
        "count": 4620
      },
      "medium": {
        "avg_mrr": 0.616410863195853,
        "hit_rate@10": 0.7188640973630832,
        "count": 2465
      },
      "hard": {
        "avg_mrr": 0.033008804714782757,
        "hit_rate@10": 0.056933712891419276,
        "count": 2459
      }
    }
  },
  "qdrant_sparse+rerank": {
    "avg_mrr": 0.6182662754959486,
    "avg_ndcg@5": 0.6205125239608648,
    "avg_ndcg@10": 0.6205125239608648,
    "avg_precision@5": 0.5432523051131601,
    "avg_precision@10": 0.5432523051131601,
    "avg_search_time_ms": 229.17713088741448,
    "num_queries": 9544,
    "by_style": {
      "keyword": {
        "avg_mrr": 0.9277521654093323,
        "avg_ndcg@10": 0.9281024683831002,
        "hit_rate@10": 0.9333612740989103,
        "count": 2386
      },
      "natural_short": {
        "avg_mrr": 0.8000488963397597,
        "avg_ndcg@10": 0.8046111460804087,
        "hit_rate@10": 0.8231349538977368,
        "count": 2386
      },
      "natural_long": {
        "avg_mrr": 0.7072436434758312,
        "avg_ndcg@10": 0.7091866083187011,
        "hit_rate@10": 0.7275775356244761,
        "count": 2386
      },
      "conceptual": {
        "avg_mrr": 0.03802039675887119,
        "avg_ndcg@10": 0.04014987306124948,
        "hit_rate@10": 0.04694048616932104,
        "count": 2386
      }
    },
    "by_difficulty": {
      "easy": {
        "avg_mrr": 0.8867929292929293,
        "hit_rate@10": 0.8967532467532467,
        "count": 4620
      },
      "medium": {
        "avg_mrr": 0.6850709939148073,
        "hit_rate@10": 0.7135902636916835,
        "count": 2465
      },
      "hard": {
        "avg_mrr": 0.04678731191541277,
        "hit_rate@10": 0.055713704758031724,
        "count": 2459
      }
    }
  },
  "qdrant_hybrid": {
    "avg_mrr": 0.6305366373288628,
    "avg_ndcg@5": 0.6072755703343671,
    "avg_ndcg@10": 0.643650208234763,
    "avg_precision@5": 0.5693210393964795,
    "avg_precision@10": 0.543619027661358,
    "avg_search_time_ms": 37.42969370847576,
    "num_queries": 9544,
    "by_style": {
      "keyword": {
        "avg_mrr": 0.9174907529371066,
        "avg_ndcg@10": 0.9179192496207536,
        "hit_rate@10": 0.9346186085498742,
        "count": 2386
      },
      "natural_short": {
        "avg_mrr": 0.8031268710334092,
        "avg_ndcg@10": 0.814112382293559,
        "hit_rate@10": 0.8709136630343671,
        "count": 2386
      },
      "natural_long": {
        "avg_mrr": 0.67207287217765,
        "avg_ndcg@10": 0.6813995779211973,
        "hit_rate@10": 0.7514668901927913,
        "count": 2386
      },
      "conceptual": {
        "avg_mrr": 0.12945605316728537,
        "avg_ndcg@10": 0.16116962310354238,
        "hit_rate@10": 0.24853310980720872,
        "count": 2386
      }
    },
    "by_difficulty": {
      "easy": {
        "avg_mrr": 0.8722424929567787,
        "hit_rate@10": 0.9069264069264069,
        "count": 4620
      },
      "medium": {
        "avg_mrr": 0.6700875752599891,
        "hit_rate@10": 0.7594320486815416,
        "count": 2465
      },
      "hard": {
        "avg_mrr": 0.13676920544549662,
        "hit_rate@10": 0.25701504676697845,
        "count": 2459
      }
    }
  },
  "qdrant_hybrid+rerank": {
    "avg_mrr": 0.6618503772003352,
    "avg_ndcg@5": 0.6666261337184053,
    "avg_ndcg@10": 0.6666261337184053,
    "avg_precision@5": 0.5953269069572507,
    "avg_precision@10": 0.5953269069572507,
    "avg_search_time_ms": 232.34234389295523,
    "num_queries": 9544,
    "by_style": {
      "keyword": {
        "avg_mrr": 0.9262433640681755,
        "avg_ndcg@10": 0.9264959838407547,
        "hit_rate@10": 0.9333612740989103,
        "count": 2386
      },
      "natural_short": {
        "avg_mrr": 0.8395641240569992,
        "avg_ndcg@10": 0.8438173892203457,
        "hit_rate@10": 0.8608549874266554,
        "count": 2386
      },